"Region, subregion, country or area *",1952,1957,1962,1967,1972,1977,1982,1987,1992,1997,2002,2007
Burundi,2406.034,2635.622,2907.320,3253.215,3569.655,3854.446,4379.727,5027.143,5685.569,6122.130,6704.118,7862.226
Comoros,166.538,181.990,197.202,215.900,239.229,275.903,326.944,376.647,436.454,501.955,569.480,641.624
Djibouti,64.744,73.699,94.203,131.405,179.237,277.472,385.268,490.337,615.050,660.858,746.947,805.456
Eritrea,849.258,939.085,1060.489,1210.304,1384.789,1591.622,1836.825,2127.421,2257.593,2195.192,2481.059,2996.540
Ethiopia,18819.701,20764.450,23221.385,26280.135,30140.799,33577.240,36995.246,43329.238,51423.591,60697.443,70142.090,80674.343
Kenya,6415.955,7411.766,8647.002,10187.487,12146.070,14638.887,17736.326,21382.111,25326.080,29415.660,33751.746,38705.934
Madagascar,4256.761,4753.531,5352.497,6073.529,6946.619,7998.157,9234.137,10647.753,12301.338,14347.860,16765.122,19433.520
Malawi,3072.386,3416.929,3839.047,4350.456,4958.556,5717.954,6565.985,8141.140,9685.974,10264.906,11713.663,13341.808
Mauritius,521.191,605.487,698.310,784.774,852.394,922.329,988.889,1030.176,1082.948,1154.141,1201.805,1233.890
Mayotte,16.444,20.839,26.537,33.009,40.199,48.888,61.044,80.445,105.826,134.206,161.204,190.098
Mozambique,6165.054,6760.108,7507.309,8417.698,9446.235,10738.534,12189.817,12786.353,13805.999,16397.175,18764.147,21673.319
Réunion,268.481,307.982,355.425,420.996,475.476,492.289,526.950,578.938,634.793,699.307,760.250,808.728
Rwanda,2314.181,2695.818,3052.937,3420.897,3987.223,4655.386,5504.847,6779.981,6702.239,6419.898,8427.061,9273.759
Seychelles,37.475,39.837,43.461,48.916,55.127,62.483,68.120,69.946,72.661,78.357,84.077,90.082
Somalia,2351.943,2592.154,2874.215,3227.835,3479.792,4802.134,6608.040,6862.267,7295.380,7936.122,9501.335,11080.122
South Sudan,2525.204,2700.075,2951.041,3268.392,3661.442,4144.552,4799.435,5419.808,5305.449,5411.653,6688.225,8315.144
Uganda,5452.857,6205.620,7215.799,8550.444,9929.644,11368.618,13221.991,15612.754,18561.668,21655.392,25167.261,29486.335
United Republic of Tanzania,8050.984,9229.733,10651.954,12348.188,14428.340,16905.222,19723.317,22971.208,26961.204,31192.853,35334.790,40681.416
Zambia,2431.341,2806.165,3260.645,3797.877,4466.170,5287.544,6265.869,7372.835,8451.346,9597.610,10971.704,12502.958
Zimbabwe,2922.040,3425.070,4039.209,4779.825,5673.914,6712.825,7958.239,9527.202,10900.511,11653.254,11954.293,12255.920
Angola,4713.160,5228.005,5608.499,5774.440,6248.965,7533.814,8952.971,10689.247,12657.361,14871.572,17519.418,20905.360
Cameroon,4462.133,4883.012,5398.730,6052.419,6867.170,7887.571,9166.813,10731.058,12499.499,14344.444,16357.605,18730.283
Central African Republic,1356.120,1437.062,1551.908,1708.306,1867.786,2039.914,2335.339,2646.836,2959.236,3392.432,3802.129,4198.004
Chad,2588.874,2837.770,3121.226,3434.817,3815.253,4255.242,4718.157,5412.844,6356.741,7503.494,9019.226,10818.031
Congo,858.407,950.719,1069.236,1219.547,1406.510,1629.218,1884.873,2171.319,2489.945,2867.283,3310.376,3876.123
Democratic Republic of the Congo,12681.011,14161.223,16041.187,18378.620,21121.360,24249.127,27717.293,31528.702,37333.917,43827.191,49871.670,58453.687
Equatorial Guinea,234.185,244.958,262.219,291.786,289.508,242.160,284.638,382.977,447.269,536.459,658.388,821.686
Gabon,478.655,489.439,511.285,554.054,611.705,676.264,763.932,873.871,1002.573,1141.332,1288.310,1472.565
Sao Tome and Principe,58.554,61.027,64.478,68.039,77.930,88.102,99.478,110.259,124.574,135.831,147.450,166.297
Botswana,435.031,478.664,523.777,584.098,667.096,800.532,962.859,1154.904,1363.541,1540.424,1704.637,1875.458
Eswatini,285.286,316.037,350.155,394.760,457.039,532.253,629.812,748.634,866.995,963.416,1019.054,1042.651
Lesotho,729.000,793.594,869.132,962.279,1077.102,1228.527,1415.362,1596.395,1782.284,1968.054,2029.832,1986.926
Namibia,534.163,592.702,665.119,753.683,868.954,992.955,1105.103,1286.796,1516.951,1698.029,1851.519,2006.516
South Africa,14226.257,15921.020,17965.733,20406.863,23281.517,26480.915,30150.448,34297.727,38672.611,42987.456,46150.913,49119.766
Benin,2264.862,2345.712,2502.897,2735.308,3043.563,3433.445,3927.717,4535.262,5331.805,6281.644,7295.400,8454.790
Burkina Faso,4367.137,4635.951,4960.328,5343.025,5825.174,6398.933,7158.259,8140.080,9297.110,10665.552,12293.097,14252.029
Cabo Verde,191.447,197.593,210.141,247.522,271.841,273.335,294.244,321.137,355.763,404.248,442.955,475.067
Côte d'Ivoire,2761.084,3183.962,3770.756,4544.168,5576.026,7026.497,8764.991,10698.188,12812.428,15130.674,17231.539,19171.250
Gambia,313.525,343.013,379.886,426.622,492.424,576.755,678.111,831.011,1027.476,1200.522,1404.263,1639.846
Ghana,5268.648,6068.997,7071.966,8132.803,9229.640,10395.453,11676.828,13552.021,15653.345,17908.977,20246.376,22963.946
Guinea,3095.613,3329.562,3611.428,3941.046,4290.544,4628.881,5077.073,5801.323,6716.032,7662.071,8586.077,9518.159
Guinea-Bissau,552.569,592.669,628.877,669.243,732.516,771.732,810.402,912.755,1020.353,1132.505,1254.454,1411.545
Liberia,958.700,1051.834,1166.651,1303.032,1474.567,1692.155,1989.477,2153.312,2001.612,2326.210,3024.727,3461.911
Mali,4811.202,5089.512,5381.367,5706.192,6147.464,6712.267,7388.670,8062.216,8850.334,10094.363,11616.890,13651.455
Mauritania,683.139,780.219,901.690,1047.345,1217.443,1411.139,1633.655,1879.756,2142.645,2433.567,2778.097,3202.512
Niger,2716.815,3120.419,3588.228,4144.588,4768.225,5491.158,6343.530,7328.934,8566.773,10178.196,12189.988,14685.404
Nigeria,39035.435,42605.120,47029.818,52342.231,58665.813,67203.134,77427.539,88048.029,100161.708,113457.661,128596.079,146339.971
Saint Helena,5.317,5.363,5.333,5.424,5.914,6.397,6.702,6.800,6.487,6.185,5.799,5.184
Senegal,2606.617,2958.481,3386.803,3899.648,4522.886,5181.505,5909.734,6875.746,7990.090,9130.876,10283.694,11687.078
Sierra Leone,2088.480,2222.596,2388.759,2596.798,2854.866,3170.503,3540.164,4038.154,4347.727,4335.295,4965.770,5989.641
Togo,1441.915,1512.019,1612.761,1855.450,2247.578,2518.454,2915.618,3471.738,3945.902,4485.945,5197.040,5920.360
Algeria,9186.150,10253.777,11619.828,13275.020,15285.992,17582.899,20452.901,23774.287,27028.330,29742.980,31855.110,34166.976
Egypt,21473.792,24524.531,28112.258,32056.506,36102.670,40329.589,45539.295,51991.696,58666.812,64892.269,71485.044,78232.124
Libya,1163.890,1316.913,1550.815,1878.869,2327.487,2865.639,3480.443,4109.717,4650.896,5118.008,5531.097,5974.786
Morocco,9528.979,11212.230,13094.890,14954.037,16696.890,18620.087,20984.023,23447.256,25711.410,27754.573,29454.765,31163.670
Sudan,6041.332,6923.115,8004.122,9337.662,10974.626,13034.631,15562.129,18303.430,21696.240,25413.912,28704.786,32360.619
Tunisia,3772.929,4032.593,4305.477,4740.526,5291.335,5919.958,6740.520,7700.733,8613.855,9395.119,9871.261,10304.729
Western Sahara,17.575,24.841,38.854,63.119,73.477,101.182,168.057,195.439,231.731,272.843,363.225,462.210
Armenia,1418.275,1680.713,2009.524,2339.133,2650.484,2944.375,3193.696,3451.947,3442.820,3133.081,3033.976,2932.615
Azerbaijan,3060.014,3537.022,4171.428,4843.872,5385.266,5863.138,6349.555,6893.486,7471.924,7925.668,8277.065,8724.237
Bahrain,119.590,145.107,173.140,196.060,229.151,303.169,385.953,448.981,523.082,594.927,735.140,1035.924
Cyprus,506.630,549.465,577.696,591.301,628.002,665.521,691.716,723.384,800.610,891.190,976.968,1063.708
Georgia,3588.631,3818.856,4148.733,4521.715,4793.558,4927.251,5085.141,5327.496,5303.925,4709.596,4258.573,4166.860
Iraq,6065.011,6795.398,7674.217,8947.397,10599.661,12462.059,14432.466,16257.072,18402.740,21439.579,24931.922,27911.242
Israel,1435.825,1839.371,2234.199,2619.102,2996.475,3472.118,3838.109,4167.130,4752.826,5566.551,6169.311,6847.148
Jordan,576.275,779.111,1010.647,1378.995,1883.923,2179.361,2563.525,3131.800,3977.667,4848.536,5317.514,6255.290
Kuwait,162.804,204.890,337.346,577.164,851.918,1153.573,1507.636,1938.916,1912.425,1710.257,2136.991,2504.026
Lebanon,1392.730,1637.130,1925.295,2174.732,2417.837,2601.734,2606.148,2667.957,3076.133,3658.425,4182.205,4767.347
Oman,469.346,516.468,578.827,660.117,776.385,977.804,1290.121,1619.871,1983.272,2249.759,2334.860,2657.162
Qatar,29.872,39.451,56.266,86.298,130.505,182.319,277.229,422.154,495.403,535.320,640.872,1218.441
Saudi Arabia,3283.593,3751.798,4362.788,5195.124,6392.973,8207.695,10988.851,14445.663,17282.686,19407.138,21805.322,25184.589
State of Palestine,932.068,1018.477,1128.577,1165.752,1182.426,1400.121,1600.956,1879.750,2287.676,2872.006,3380.161,3756.459
Syrian Arab Republic,3591.003,4158.978,4875.429,5740.702,6800.148,8060.652,9590.226,11360.848,13187.669,15175.308,17084.628,19878.257
Turkey,22508.952,25514.825,28832.831,32477.994,36587.267,41108.290,46025.411,51100.930,55748.946,60372.571,65145.357,69581.854
United Arab Emirates,69.235,82.963,112.112,169.768,330.968,735.347,1164.816,1533.526,2052.892,2671.361,3478.769,6168.846
Yemen,4776.184,5099.348,5473.671,5907.873,6390.573,7178.672,8541.605,10322.044,12954.157,15975.676,18443.684,21282.514
Kazakhstan,7006.641,8702.076,10756.931,12385.706,13463.985,14359.629,15128.090,16039.253,16302.809,15406.005,14976.184,15702.112
Kyrgyzstan,1795.141,1994.559,2319.450,2736.074,3105.533,3414.330,3757.168,4158.584,4454.192,4705.651,4991.478,5184.384
Tajikistan,1637.950,1901.776,2236.564,2662.257,3111.284,3586.516,4140.297,4843.997,5502.490,5938.404,6426.861,7062.667
Turkmenistan,1258.381,1452.178,1715.408,2011.762,2324.019,2664.262,3019.064,3407.310,3899.843,4355.125,4610.018,4870.142
Uzbekistan,6667.892,7736.860,9113.629,10889.499,12796.982,14643.881,16747.428,18976.411,21375.114,23640.487,25431.116,27204.711
Afghanistan,7935.996,8535.157,9351.442,10399.936,11791.222,13171.294,12882.518,11604.538,14485.543,19357.126,22600.774,27100.542
Bangladesh,39489.861,44233.217,50752.150,59034.250,66625.706,73463.593,83932.132,95671.159,107983.708,120160.571,132478.077,142660.381
Bhutan,184.759,207.197,234.552,269.944,316.822,371.424,428.938,494.313,534.525,551.713,616.025,664.873
India,388799.076,425270.709,469077.191,520400.577,581087.255,652408.766,732239.498,819682.095,909307.018,1000900.028,1093317.187,1183209.471
Iran (Islamic Republic of),17933.502,20288.542,23071.309,26317.776,30075.295,34803.041,41869.231,51193.782,58780.376,63136.309,67284.801,71336.476
Maldives,75.190,83.418,94.902,107.481,123.347,144.625,169.849,203.024,236.271,263.836,294.185,335.172
Nepal,8834.698,9629.865,10433.147,11382.965,12583.142,14028.535,15729.431,17623.697,19938.322,22584.772,24725.625,26382.586
Pakistan,38516.514,42111.011,47198.886,53655.783,61381.982,70958.168,83431.597,98285.762,113911.126,131057.432,149549.695,167808.106
Sri Lanka,8256.559,9190.652,10352.180,11657.650,13002.234,14273.495,15501.210,16643.956,17736.827,18470.897,19062.476,19842.044
China,582576.497,630677.648,682102.654,762581.176,869485.962,957891.271,1027948.989,1116095.475,1206711.243,1261996.017,1307352.256,1345993.891
"China, Hong Kong SAR",2150.095,2709.845,3230.300,3624.973,3974.193,4462.399,5058.049,5464.705,5864.745,6299.912,6701.771,6840.017
"China, Macao SAR",201.268,176.752,176.188,223.416,248.770,236.669,251.154,308.181,362.308,401.353,448.813,504.504
"China, Taiwan Province of China",8250.801,9829.714,11655.382,13743.215,15586.149,17043.397,18477.501,19806.742,20868.148,21608.309,22262.297,22927.222
Dem. People's Republic of Korea,10049.020,10547.385,11871.726,13222.703,15207.765,16796.568,18008.568,19431.992,20937.407,22335.263,23339.453,24188.330
Japan,85659.438,90953.812,95458.517,100822.283,107976.030,114827.826,119605.254,123072.720,125331.300,126892.745,127893.075,128494.050
Mongolia,807.922,890.281,1011.327,1173.186,1356.673,1562.207,1777.727,2033.351,2243.495,2335.744,2443.261,2593.819
Republic of Korea,19817.775,22984.010,26812.084,30236.691,33506.522,36475.425,39175.221,41686.566,43848.223,46196.056,47999.551,49034.813
Brunei Darussalam,53.885,70.394,89.484,112.446,142.015,174.717,206.064,237.565,273.888,311.962,346.777,374.967
Cambodia,4656.427,5308.126,6028.434,6685.961,7302.114,7196.042,6919.803,8198.082,9623.899,11298.594,12637.719,13679.953
Indonesia,72274.629,81179.211,92518.373,105865.576,121017.316,137278.057,154468.235,171702.756,187739.786,202826.444,217357.790,232374.239
Lao People's Democratic Republic,1764.044,1979.730,2221.123,2496.927,2840.842,3135.839,3401.193,3905.530,4500.346,5050.308,5493.247,5944.950
Malaysia,6449.609,7458.015,8692.337,10046.321,11324.277,12790.313,14471.215,16522.004,19002.660,21562.790,24208.391,26720.367
Myanmar,18440.675,20380.220,22697.664,25410.054,28570.093,32026.748,35734.273,39404.350,42401.686,45027.223,47702.163,49621.479
Philippines,19945.269,23751.870,28077.345,32823.970,37923.400,43629.415,50023.564,57263.835,65020.124,73030.879,81365.260,89405.482
Singapore,1119.932,1440.490,1741.457,1958.735,2150.498,2314.988,2517.983,2816.974,3199.642,3752.131,4104.407,4578.629
Thailand,21838.302,25096.799,29080.945,33778.804,39058.594,44405.903,49255.889,53945.872,57811.025,60846.588,64069.093,66182.064
Timor-Leste,423.120,452.083,491.575,538.906,600.185,619.817,613.233,686.475,783.204,861.870,922.699,1036.388
Viet Nam,25976.851,29844.053,34683.410,40072.951,45548.476,50861.166,56814.309,63701.974,70883.488,77133.212,81534.406,85419.588
Anguilla,5.477,5.901,6.141,6.520,6.949,7.252,7.194,7.842,9.333,10.388,11.756,12.862
Antigua and Barbuda,47.385,51.360,55.849,61.240,64.134,62.162,61.780,61.713,64.459,71.707,78.298,84.029
Aruba,38.962,48.239,56.234,58.044,59.849,60.366,61.341,61.838,68.240,85.450,94.992,101.226
Bahamas,81.434,95.617,121.092,152.621,177.863,197.100,220.182,243.265,266.028,287.363,307.657,337.387
Barbados,219.669,229.270,232.623,236.661,241.523,248.931,254.078,258.012,262.890,268.183,273.423,278.701
"Bonaire, Sint Eustatius and Saba",7.425,7.782,8.429,9.638,10.716,11.094,11.473,12.332,13.936,15.082,13.882,16.645
British Virgin Islands,7.547,7.780,8.319,9.213,10.210,10.923,12.250,15.390,18.443,19.660,21.128,25.050
Cayman Islands,6.247,7.177,8.141,8.518,10.135,13.848,17.436,21.539,27.784,36.155,45.347,52.280
Cuba,6178.812,6764.547,7453.535,8266.373,9025.347,9646.142,9940.314,10286.645,10736.386,10989.730,11199.664,11251.117
Curaçao,108.286,121.464,129.685,137.619,147.148,149.711,148.808,149.328,146.018,139.534,129.082,136.579
Dominica,52.293,56.628,61.978,67.687,71.731,73.443,75.012,71.842,70.546,70.592,69.840,70.797
Dominican Republic,2517.654,2976.418,3521.018,4123.100,4755.464,5407.496,6067.769,6729.930,7408.339,8084.407,8724.974,9338.856
Grenada,77.184,84.726,92.481,95.012,93.984,90.219,93.132,99.425,97.161,101.567,103.636,105.183
Guadeloupe,217.579,252.030,286.538,309.772,325.635,331.915,336.612,359.911,397.692,412.739,416.132,402.405
Haiti,3330.331,3648.819,4019.171,4425.318,4837.334,5294.625,5910.223,6618.742,7319.491,8030.721,8754.148,9495.336
Jamaica,1468.233,1575.685,1676.500,1803.324,1935.089,2080.824,2234.062,2375.400,2461.047,2583.914,2692.843,2768.229
Martinique,228.268,259.879,294.957,318.501,327.301,326.200,329.451,347.754,362.756,375.640,392.500,398.048
Montserrat,14.476,13.320,11.653,11.647,11.530,11.654,11.299,10.666,10.659,7.927,4.431,4.916
Puerto Rico,2183.075,2221.479,2378.378,2561.034,2705.840,2945.847,3168.344,3318.838,3469.071,3621.900,3664.321,3616.341
Saint Barthélemy,2.115,2.281,2.342,2.357,2.406,2.811,3.109,4.072,5.849,6.764,7.902,8.870
Saint Kitts and Nevis,46.488,49.949,50.961,47.388,44.318,43.944,42.733,41.041,40.691,42.857,45.168,47.769
Saint Lucia,84.658,87.519,91.892,99.370,106.303,112.685,120.987,130.868,141.758,150.920,159.392,167.644
Saint Martin (French part),3.192,3.592,4.078,4.922,6.156,7.713,8.372,19.274,31.816,26.910,30.913,36.138
Saint Vincent and the Grenadines,69.289,76.670,83.239,87.779,92.511,97.708,102.255,105.905,107.941,107.895,108.095,108.516
Sint Maarten (Dutch part),1.797,2.321,3.367,5.362,7.892,10.791,15.032,23.157,30.458,31.731,32.990,33.406
Trinidad and Tobago,675.583,786.024,879.436,925.233,968.136,1039.210,1120.019,1194.532,1236.685,1259.838,1277.210,1308.450
Turks and Caicos Islands,4.982,5.504,5.884,5.766,6.156,7.193,8.654,10.717,13.639,17.566,23.230,30.383
United States Virgin Islands,28.119,30.060,39.070,55.917,73.280,92.688,102.474,104.889,104.795,108.313,108.556,107.118
Belize,73.430,84.508,97.392,112.707,127.152,136.990,151.486,174.333,194.324,221.575,262.387,299.031
Costa Rica,1002.444,1192.362,1433.346,1696.742,1944.170,2205.618,2523.358,2884.856,3286.525,3718.952,4100.922,4404.626
El Salvador,2280.443,2553.506,2931.187,3387.384,3867.310,4338.451,4737.256,5067.531,5416.327,5746.288,5962.139,6105.810
Guatemala,3311.525,3850.435,4464.251,5160.616,5941.567,6765.516,7654.818,8639.105,9708.552,10887.637,12208.854,13700.326
Honduras,1631.731,1873.493,2155.648,2486.418,2882.102,3352.825,3910.642,4542.218,5244.677,6045.704,6929.267,7808.520
Mexico,29590.077,34401.536,40195.318,46956.208,54689.944,62869.908,71058.650,79200.081,87075.136,94611.008,101684.764,109170.503
Nicaragua,1372.102,1609.647,1887.426,2197.303,2558.705,2985.480,3455.129,3909.672,4364.514,4827.658,5219.324,5590.066
Panama,904.406,1038.181,1202.447,1393.824,1607.797,1837.804,2073.748,2318.259,2575.949,2853.907,3149.195,3453.671
Argentina,17742.980,19472.473,21153.042,22828.872,24653.172,26661.397,28794.550,31184.411,33529.320,35657.438,37681.743,39684.303
Bolivia (Plurinational State of),3170.680,3453.779,3802.996,4208.683,4682.392,5228.253,5814.344,6442.824,7160.917,7937.453,8742.822,9558.438
Brazil,57283.658,66221.469,76514.329,88035.815,99859.388,112425.392,126498.322,140891.606,154259.382,167209.046,179537.523,190130.445
Chile,6869.714,7639.207,8476.895,9312.091,10103.675,10922.777,11743.909,12642.917,13719.818,14786.227,15684.413,16530.201
Colombia,12633.899,14632.794,17092.919,19837.508,22516.429,25164.544,28101.824,31195.417,34422.568,37723.803,40875.363,43737.512
Ecuador,3654.720,4178.344,4809.194,5560.013,6429.377,7383.713,8409.396,9522.362,10716.131,11951.457,13143.465,14296.554
Falkland Islands (Malvinas),2.231,2.175,2.119,2.035,1.941,1.877,1.845,1.866,2.169,2.688,2.944,2.928
French Guiana,26.897,29.620,34.379,42.430,51.272,59.868,73.414,97.972,125.075,146.331,178.548,216.182
Guyana,432.815,518.251,606.286,675.861,721.949,762.424,781.249,757.451,748.596,757.975,744.789,746.477
Paraguay,1550.983,1761.454,2006.675,2290.797,2597.149,2935.710,3368.763,3891.725,4445.019,4998.096,5531.958,5998.430
Peru,8184.725,9347.833,10749.463,12386.868,14221.954,16258.323,18426.420,20691.285,22966.822,25210.957,27100.964,28333.050
Suriname,229.211,263.756,303.894,347.673,367.907,357.649,360.927,381.033,420.658,454.165,482.228,511.181
Uruguay,2286.261,2437.496,2603.883,2750.091,2821.458,2856.958,2953.852,3049.581,3154.459,3270.158,3326.046,3331.753
Venezuela (Bolivarian Republic of),5974.437,7285.566,8742.780,10359.741,12097.696,13964.377,16017.570,18232.733,20557.694,22837.743,25100.407,27247.601
Australia,8595.064,9587.459,10643.420,11899.644,13244.163,14092.545,14979.203,16183.159,17402.179,18387.205,19401.366,20916.339
New Zealand,1992.809,2229.828,2477.192,2702.676,2929.687,3122.406,3188.537,3310.751,3503.194,3752.355,3963.202,4233.046
Fiji,304.883,356.939,421.673,487.973,542.843,598.299,668.281,721.776,744.470,792.736,815.257,836.185
New Caledonia,64.409,71.374,83.214,96.072,114.984,137.463,149.535,160.873,178.759,203.185,225.482,243.332
Papua New Guinea,2024.160,2145.599,2340.349,2596.820,2918.138,3302.636,3768.489,4292.575,4836.216,5446.633,6098.621,6808.503
Solomon Islands,94.059,107.986,125.040,145.319,172.550,207.885,246.451,286.871,330.004,379.998,435.434,492.133
Vanuatu,50.291,58.242,67.793,78.505,90.802,106.206,121.398,136.075,155.176,174.917,193.927,219.464
Guam,60.870,63.926,69.605,78.412,87.580,97.477,108.901,121.923,136.693,150.303,157.173,158.848
Kiribati,34.270,38.317,43.283,48.403,52.775,56.759,60.887,67.244,74.767,80.188,87.308,96.531
Marshall Islands,13.441,14.085,15.547,18.383,22.335,27.479,33.330,42.168,49.242,50.453,52.368,56.046
Micronesia (Fed. States of),34.586,40.351,47.372,56.308,62.275,66.079,78.015,89.985,101.386,108.473,107.027,104.442
Nauru,3.555,3.959,4.942,6.221,6.798,7.396,8.016,8.868,10.030,10.643,10.102,9.846
Northern Mariana Islands,7.204,8.810,10.438,11.723,13.884,15.049,20.163,36.371,46.473,50.052,58.412,55.215
Palau,7.630,8.895,10.329,11.329,12.342,12.646,12.519,14.121,15.859,18.016,19.642,19.159
American Samoa,19.546,19.671,21.246,25.235,28.564,30.834,34.969,42.741,49.900,55.227,59.077,58.367
Cook Islands,15.634,17.120,18.452,19.890,21.309,19.068,17.271,17.794,18.678,18.653,18.274,18.994
French Polynesia,63.848,72.062,83.652,99.990,118.438,139.893,162.679,186.588,207.238,226.854,248.976,262.717
Niue,4.692,4.722,4.930,5.206,4.722,3.684,3.123,2.520,2.261,2.069,1.795,1.647
Samoa,86.805,99.480,115.768,134.181,147.295,153.218,157.365,160.962,165.490,172.065,176.410,182.045
Tokelau,1.499,1.723,1.936,1.816,1.575,1.548,1.611,1.686,1.558,1.547,1.438,1.143
Tonga,51.181,57.372,66.233,79.034,86.327,90.259,93.636,94.318,95.398,96.621,99.023,102.577
Tuvalu,4.872,5.194,5.340,5.510,5.786,6.650,7.951,8.481,9.110,9.328,9.593,10.219
Wallis and Futuna Islands,7.274,7.871,8.399,8.805,8.924,9.918,12.298,13.873,13.873,14.351,14.991,14.128
Belarus,7677.429,7878.768,8279.893,8670.567,9056.732,9378.923,9703.088,10026.470,10154.338,10009.393,9745.932,9480.514
Bulgaria,7372.016,7689.135,8022.157,8343.494,8608.660,8801.899,8930.708,8960.554,8676.379,8211.804,7866.242,7576.675
Czechia,9110.144,9467.557,9691.061,9817.110,9891.102,10200.728,10365.264,10327.472,10353.021,10338.346,10252.264,10357.535
Hungary,9597.942,9913.251,10062.510,10248.705,10426.085,10636.567,10715.857,10474.544,10358.622,10308.479,10167.286,10024.158
Poland,25764.322,28259.605,30389.354,31901.687,33147.079,34571.226,36221.543,37544.332,38197.588,38544.838,38488.640,38353.339
Republic of Moldova,2431.886,2776.930,3146.547,3445.836,3698.230,3911.809,4091.132,4290.484,4376.804,4286.477,4178.228,4130.129
Romania,16764.911,17968.470,18924.152,19810.612,21011.147,22087.896,22830.547,23288.388,23375.828,22637.600,21853.278,21034.196
Russian Federation,105967.087,114913.780,122858.215,128187.398,131539.634,135413.335,139954.626,145032.886,148268.576,147730.020,145215.707,143266.207
Slovakia,3587.655,3954.855,4249.208,4448.551,4615.834,4852.494,5073.882,5219.967,5329.029,5391.202,5400.124,5398.693
Ukraine,38360.078,41085.019,43752.227,46063.219,47783.006,49287.118,50377.069,51219.911,51415.957,50187.280,47980.033,46366.347
Channel Islands,103.664,106.966,111.464,117.469,123.611,127.186,129.976,136.762,142.006,145.387,149.591,154.644
Denmark,4346.187,4495.215,4649.341,4831.750,4990.551,5097.049,5123.349,5117.282,5171.654,5277.713,5372.798,5469.920
Estonia,1125.237,1181.017,1245.083,1319.249,1386.074,1443.891,1492.640,1551.209,1520.811,1409.678,1382.737,1344.295
Faroe Islands,31.669,33.268,35.521,37.705,39.915,42.133,44.101,46.340,46.746,45.789,47.235,47.825
Finland,4096.559,4323.916,4498.821,4588.660,4651.174,4746.929,4835.102,4946.368,5044.928,5151.740,5213.368,5297.741
Iceland,147.713,164.786,182.711,197.405,209.928,222.267,233.273,247.057,260.155,272.709,285.329,305.181
Ireland,2909.049,2835.058,2792.380,2846.351,2986.566,3242.767,3453.785,3515.827,3529.847,3651.096,3907.995,4324.649
Isle of Man,54.848,50.433,48.421,52.117,57.166,61.335,63.765,66.476,71.262,73.851,78.318,82.406
Latvia,1945.956,2049.314,2185.873,2314.506,2418.280,2492.984,2540.444,2626.906,2620.254,2453.310,2332.528,2198.089
Lithuania,2578.051,2677.006,2846.393,3037.458,3203.634,3354.067,3481.128,3627.326,3688.103,3579.911,3444.777,3258.984
Norway,3334.477,3492.445,3639.213,3784.867,3933.726,4044.335,4111.650,4186.972,4292.685,4420.266,4546.017,4719.403
Sweden,7127.517,7347.475,7579.570,7875.902,8127.045,8250.692,8329.428,8421.056,8686.735,8868.857,8920.703,9162.941
United Kingdom,50651.273,51495.703,53109.400,54866.529,55892.412,56203.598,56241.408,56658.260,57446.041,58307.320,59326.294,61455.154
Albania,1316.090,1500.180,1737.675,1998.743,2254.058,2518.685,2790.284,3124.892,3245.887,3099.747,3126.183,3033.993
Andorra,7.251,10.778,15.379,20.760,26.885,32.769,39.115,48.459,58.882,64.318,70.048,82.682
Bosnia and Herzegovina,2764.711,3049.928,3353.228,3632.678,3851.153,4063.188,4265.183,4479.516,4233.673,3736.070,3759.389,3762.791
Croatia,3922.668,4098.126,4251.422,4370.858,4453.985,4536.195,4645.404,4758.154,4732.866,4532.405,4395.802,4362.427
Gibraltar,22.489,22.881,24.307,27.172,29.353,30.228,29.698,29.114,28.844,29.404,32.097,33.524
Greece,7814.168,8127.479,8350.876,8528.026,8774.512,9254.979,9796.830,10057.292,10420.226,10906.248,11182.308,11120.371
Holy See,0.883,0.908,0.901,0.766,0.661,0.730,0.725,0.751,0.773,0.787,0.792,0.794
Italy,47390.571,48852.439,50442.350,52433.478,54258.737,55777.881,56644.860,57007.737,57145.308,56903.633,57182.521,58747.862
Malta,312.746,312.702,316.520,322.457,320.437,325.126,336.964,352.617,367.890,383.756,398.720,407.854
Montenegro,410.508,461.813,509.707,530.234,529.214,565.512,595.351,616.794,617.181,618.216,613.371,619.554
North Macedonia,1320.982,1432.016,1527.109,1644.949,1754.951,1851.070,1955.247,1992.278,1988.659,1999.588,2048.930,2065.408
Portugal,8451.545,8734.425,8888.509,8750.863,8789.110,9431.036,9870.822,9914.073,9951.305,10174.564,10385.993,10573.150
San Marino,13.095,14.379,16.255,18.309,19.490,20.397,22.043,23.297,24.830,26.563,28.175,30.068
Serbia,6963.394,7376.691,7669.607,7942.636,8260.626,8663.330,9057.971,9352.149,9701.145,9784.689,9346.464,9101.189
Slovenia,1491.677,1552.256,1605.640,1643.695,1694.979,1777.315,1880.707,1978.498,2005.352,1987.457,1987.265,2012.128
Spain,28399.033,29543.626,31075.475,32830.181,34664.234,36666.770,38209.686,38954.490,39410.852,40035.286,41919.593,45429.071
Austria,6931.194,6985.724,7156.836,7397.168,7581.120,7636.573,7602.177,7639.351,7830.938,8032.873,8134.403,8313.731
Belgium,8727.988,8997.845,9283.545,9529.046,9692.845,9816.693,9889.819,9942.281,10078.098,10223.785,10364.879,10697.576
France,42315.598,44221.224,46907.043,49651.080,51573.268,53208.549,54391.469,55837.622,57147.213,58220.657,59803.434,61869.229
Germany,70620.275,72183.453,74489.450,77357.251,78901.826,78687.323,77926.016,78015.742,79963.166,81399.250,81535.124,81277.836
Liechtenstein,14.135,15.429,17.300,19.688,22.161,24.451,26.533,27.835,29.552,31.830,33.885,35.217
Luxembourg,299.500,308.562,320.699,334.234,345.104,358.963,365.099,371.076,391.397,419.979,443.727,474.917
Monaco,19.082,20.788,23.043,23.292,24.049,25.811,27.633,29.156,29.859,31.268,32.804,34.524
Netherlands,10297.986,10996.626,11766.730,12556.841,13291.876,13892.920,14295.209,14682.662,15165.856,15655.482,16110.355,16506.652
Switzerland,4781.123,5067.973,5487.049,5973.940,6251.286,6321.816,6321.409,6510.593,6792.906,7068.503,7220.378,7536.986
Bermuda,38.437,42.370,46.815,50.785,53.750,56.318,58.390,60.422,62.391,64.092,65.652,66.126
Canada,14445.453,16561.263,18596.848,20324.786,22072.193,23634.377,24916.538,26432.894,28224.410,29742.378,31178.260,32930.795
Greenland,23.936,27.733,33.731,41.362,48.066,49.846,51.155,54.371,55.857,55.873,56.518,56.928
Saint Pierre and Miquelon,4.648,4.841,5.041,5.297,5.753,6.103,6.067,6.148,6.435,6.366,6.207,6.220
United States of America,163266.026,177751.477,192313.747,203905.081,213269.805,223135.659,233821.851,245052.780,256990.608,271713.634,287279.312,300608.425