<?xml version="1.0" encoding="UTF-8"?>
<STATISTICS lastupdate="" nextupdate=""><REPORT><TITLE css="formtitle">2019年及2018年每月幸運博彩毛收入</TITLE><HEADER css="formheading"><COLUMN rowspan="2"/><COLUMN colspan="3">月份毛收入</COLUMN><COLUMN colspan="3">累計毛收入</COLUMN><SUB><COLUMN>2019年</COLUMN><COLUMN>2018年</COLUMN><COLUMN>變動率</COLUMN></SUB><SUB><COLUMN>2019年</COLUMN><COLUMN>2018年</COLUMN><COLUMN>變動率</COLUMN></SUB></HEADER><REMARKS>* 1 港元 = 1.03澳門元 (單位: 百萬澳門元  ) </REMARKS><DATA><RECORD><DATA css="formheading">一月份</DATA><DATA>24,942</DATA><DATA>26,260</DATA><DATA>-5.0%</DATA><DATA>24,942</DATA><DATA>26,260</DATA><DATA>-5.0%</DATA></RECORD><RECORD><DATA css="formheading">二月份</DATA><DATA>25,370</DATA><DATA>24,300</DATA><DATA>4.4%</DATA><DATA>50,312</DATA><DATA>50,560</DATA><DATA>-0.5%</DATA></RECORD><RECORD><DATA css="formheading">三月份</DATA><DATA>25,840</DATA><DATA>25,950</DATA><DATA>-0.4%</DATA><DATA>76,152</DATA><DATA>76,510</DATA><DATA>-0.5%</DATA></RECORD><RECORD><DATA css="formheading">四月份</DATA><DATA>23,588</DATA><DATA>25,728</DATA><DATA>-8.3%</DATA><DATA>99,739</DATA><DATA>102,239</DATA><DATA>-2.4%</DATA></RECORD><RECORD><DATA css="formheading">五月份</DATA><DATA>25,952</DATA><DATA>25,489</DATA><DATA>1.8%</DATA><DATA>125,691</DATA><DATA>127,727</DATA><DATA>-1.6%</DATA></RECORD><RECORD><DATA css="formheading">六月份</DATA><DATA>23,812</DATA><DATA>22,490</DATA><DATA>5.9%</DATA><DATA>149,503</DATA><DATA>150,217</DATA><DATA>-0.5%</DATA></RECORD><RECORD><DATA css="formheading">七月份</DATA><DATA>24,453</DATA><DATA>25,327</DATA><DATA>-3.5%</DATA><DATA>173,956</DATA><DATA>175,544</DATA><DATA>-0.9%</DATA></RECORD><RECORD><DATA css="formheading">八月份</DATA><DATA>24,262</DATA><DATA>26,559</DATA><DATA>-8.6%</DATA><DATA>198,218</DATA><DATA>202,103</DATA><DATA>-1.9%</DATA></RECORD><RECORD><DATA css="formheading">九月份</DATA><DATA>22,079</DATA><DATA>21,952</DATA><DATA>0.6%</DATA><DATA>220,297</DATA><DATA>224,055</DATA><DATA>-1.7%</DATA></RECORD><RECORD><DATA css="formheading">十月份</DATA><DATA>26,443</DATA><DATA>27,328</DATA><DATA>-3.2%</DATA><DATA>246,740</DATA><DATA>251,383</DATA><DATA>-1.8%</DATA></RECORD><RECORD><DATA css="formheading">十一月份</DATA><DATA>22,877</DATA><DATA>24,995</DATA><DATA>-8.5%</DATA><DATA>269,617</DATA><DATA>276,378</DATA><DATA>-2.4%</DATA></RECORD><RECORD><DATA css="formheading">十二月份</DATA><DATA>22,838</DATA><DATA>26,468</DATA><DATA>-13.7%</DATA><DATA>292,455</DATA><DATA>302,846</DATA><DATA>-3.4%</DATA></RECORD></DATA></REPORT></STATISTICS>