<?xml version="1.0" encoding="UTF-8"?>
<STATISTICS lastupdate="" nextupdate=""><REPORT><TITLE css="formtitle">2017年及2016年每月幸運博彩毛收入</TITLE><HEADER css="formheading"><COLUMN rowspan="2"/><COLUMN colspan="3">月份毛收入</COLUMN><COLUMN colspan="3">累計毛收入</COLUMN><SUB><COLUMN>2017年</COLUMN><COLUMN>2016年</COLUMN><COLUMN>變動率</COLUMN></SUB><SUB><COLUMN>2017年</COLUMN><COLUMN>2016年</COLUMN><COLUMN>變動率</COLUMN></SUB></HEADER><REMARKS>* 1 港元 = 1.03澳門元 (單位: 百萬澳門元  ) </REMARKS><DATA><RECORD><DATA css="formheading">一月份</DATA><DATA>19,255</DATA><DATA>18,674</DATA><DATA>3.1%</DATA><DATA>19,255</DATA><DATA>18,674</DATA><DATA>3.1%</DATA></RECORD><RECORD><DATA css="formheading">二月份</DATA><DATA>22,991</DATA><DATA>19,521</DATA><DATA>17.8%</DATA><DATA>42,246</DATA><DATA>38,195</DATA><DATA>10.6%</DATA></RECORD><RECORD><DATA css="formheading">三月份</DATA><DATA>21,232</DATA><DATA>17,981</DATA><DATA>18.1%</DATA><DATA>63,479</DATA><DATA>56,176</DATA><DATA>13.0%</DATA></RECORD><RECORD><DATA css="formheading">四月份</DATA><DATA>20,162</DATA><DATA>17,341</DATA><DATA>16.3%</DATA><DATA>83,640</DATA><DATA>73,517</DATA><DATA>13.8%</DATA></RECORD><RECORD><DATA css="formheading">五月份</DATA><DATA>22,742</DATA><DATA>18,389</DATA><DATA>23.7%</DATA><DATA>106,382</DATA><DATA>91,906</DATA><DATA>15.8%</DATA></RECORD><RECORD><DATA css="formheading">六月份</DATA><DATA>19,994</DATA><DATA>15,881</DATA><DATA>25.9%</DATA><DATA>126,377</DATA><DATA>107,787</DATA><DATA>17.2%</DATA></RECORD><RECORD><DATA css="formheading">七月份</DATA><DATA>22,964</DATA><DATA>17,774</DATA><DATA>29.2%</DATA><DATA>149,340</DATA><DATA>125,560</DATA><DATA>18.9%</DATA></RECORD><RECORD><DATA css="formheading">八月份</DATA><DATA>22,676</DATA><DATA>18,836</DATA><DATA>20.4%</DATA><DATA>172,016</DATA><DATA>144,396</DATA><DATA>19.1%</DATA></RECORD><RECORD><DATA css="formheading">九月份</DATA><DATA>21,362</DATA><DATA>18,396</DATA><DATA>16.1%</DATA><DATA>193,378</DATA><DATA>162,792</DATA><DATA>18.8%</DATA></RECORD><RECORD><DATA css="formheading">十月份</DATA><DATA>26,633</DATA><DATA>21,815</DATA><DATA>22.1%</DATA><DATA>220,010</DATA><DATA>184,607</DATA><DATA>19.2%</DATA></RECORD><RECORD><DATA css="formheading">十一月份</DATA><DATA>23,033</DATA><DATA>18,788</DATA><DATA>22.6%</DATA><DATA>243,043</DATA><DATA>203,395</DATA><DATA>19.5%</DATA></RECORD><RECORD><DATA css="formheading">十二月份</DATA><DATA>22,699</DATA><DATA>19,815</DATA><DATA>14.6%</DATA><DATA>265,743</DATA><DATA>223,210</DATA><DATA>19.1%</DATA></RECORD></DATA></REPORT></STATISTICS>