<?xml version="1.0" encoding="UTF-8"?>
<STATISTICS lastupdate="" nextupdate=""><REPORT><TITLE css="formtitle">2020年及2019年每月幸運博彩毛收入</TITLE><HEADER css="formheading"><COLUMN rowspan="2"/><COLUMN colspan="3">月份毛收入</COLUMN><COLUMN colspan="3">累計毛收入</COLUMN><SUB><COLUMN>2020年</COLUMN><COLUMN>2019年</COLUMN><COLUMN>變動率</COLUMN></SUB><SUB><COLUMN>2020年</COLUMN><COLUMN>2019年</COLUMN><COLUMN>變動率</COLUMN></SUB></HEADER><REMARKS>* 1 港元 = 1.03澳門元 (單位: 百萬澳門元  ) </REMARKS><DATA><RECORD><DATA css="formheading">一月份</DATA><DATA>22,126</DATA><DATA>24,942</DATA><DATA>-11.3%</DATA><DATA>22,126</DATA><DATA>24,942</DATA><DATA>-11.3%</DATA></RECORD><RECORD><DATA css="formheading">二月份</DATA><DATA>3,104</DATA><DATA>25,370</DATA><DATA>-87.8%</DATA><DATA>25,229</DATA><DATA>50,312</DATA><DATA>-49.9%</DATA></RECORD><RECORD><DATA css="formheading">三月份</DATA><DATA>5,257</DATA><DATA>25,840</DATA><DATA>-79.7%</DATA><DATA>30,486</DATA><DATA>76,152</DATA><DATA>-60.0%</DATA></RECORD><RECORD><DATA css="formheading">四月份</DATA><DATA>754</DATA><DATA>23,588</DATA><DATA>-96.8%</DATA><DATA>31,240</DATA><DATA>99,739</DATA><DATA>-68.7%</DATA></RECORD><RECORD><DATA css="formheading">五月份</DATA><DATA>1,764</DATA><DATA>25,952</DATA><DATA>-93.2%</DATA><DATA>33,004</DATA><DATA>125,691</DATA><DATA>-73.7%</DATA></RECORD><RECORD><DATA css="formheading">六月份</DATA><DATA>716</DATA><DATA>23,812</DATA><DATA>-97.0%</DATA><DATA>33,720</DATA><DATA>149,503</DATA><DATA>-77.4%</DATA></RECORD><RECORD><DATA css="formheading">七月份</DATA><DATA>1,344</DATA><DATA>24,453</DATA><DATA>-94.5%</DATA><DATA>35,064</DATA><DATA>173,956</DATA><DATA>-79.8%</DATA></RECORD><RECORD><DATA css="formheading">八月份</DATA><DATA>1,330</DATA><DATA>24,262</DATA><DATA>-94.5%</DATA><DATA>36,394</DATA><DATA>198,218</DATA><DATA>-81.6%</DATA></RECORD><RECORD><DATA css="formheading">九月份</DATA><DATA>2,211</DATA><DATA>22,079</DATA><DATA>-90.0%</DATA><DATA>38,605</DATA><DATA>220,297</DATA><DATA>-82.5%</DATA></RECORD><RECORD><DATA css="formheading">十月份</DATA><DATA>7,270</DATA><DATA>26,443</DATA><DATA>-72.5%</DATA><DATA>45,875</DATA><DATA>246,740</DATA><DATA>-81.4%</DATA></RECORD><RECORD><DATA css="formheading">十一月份</DATA><DATA>6,748</DATA><DATA>22,877</DATA><DATA>-70.5%</DATA><DATA>52,623</DATA><DATA>269,617</DATA><DATA>-80.5%</DATA></RECORD><RECORD><DATA css="formheading">十二月份</DATA><DATA>7,818</DATA><DATA>22,838</DATA><DATA>-65.8%</DATA><DATA>60,441</DATA><DATA>292,455</DATA><DATA>-79.3%</DATA></RECORD></DATA></REPORT></STATISTICS>