<?xml version="1.0" encoding="UTF-8"?>
<STATISTICS lastupdate="" nextupdate=""><REPORT><TITLE css="formtitle">2009年及2010年每月幸運博彩毛收入</TITLE><HEADER css="formheading"><COLUMN rowspan="2"/><COLUMN colspan="3">月份毛收入</COLUMN><COLUMN colspan="3">累計毛收入</COLUMN><SUB><COLUMN>2010年</COLUMN><COLUMN>2009年</COLUMN><COLUMN>變動率</COLUMN></SUB><SUB><COLUMN>2010年</COLUMN><COLUMN>2009年</COLUMN><COLUMN>變動率</COLUMN></SUB></HEADER><REMARKS>* 1 港元 = 1.03澳門元 (單位: 百萬澳門元  ) </REMARKS><DATA><RECORD><DATA css="formheading">一月份</DATA><DATA>13,937</DATA><DATA>8,575</DATA><DATA>62.5%</DATA><DATA>13,937</DATA><DATA>8,575</DATA><DATA>62.5%</DATA></RECORD><RECORD><DATA css="formheading">二月份</DATA><DATA>13,445</DATA><DATA>7,912</DATA><DATA>69.9%</DATA><DATA>27,383</DATA><DATA>16,488</DATA><DATA>66.1%</DATA></RECORD><RECORD><DATA css="formheading">三月份</DATA><DATA>13,569</DATA><DATA>9,531</DATA><DATA>42.4%</DATA><DATA>40,951</DATA><DATA>26,019</DATA><DATA>57.4%</DATA></RECORD><RECORD><DATA css="formheading">四月份</DATA><DATA>14,186</DATA><DATA>8,340</DATA><DATA>70.1%</DATA><DATA>55,137</DATA><DATA>34,359</DATA><DATA>60.5%</DATA></RECORD><RECORD><DATA css="formheading">五月份</DATA><DATA>17,075</DATA><DATA>8,799</DATA><DATA>94.1%</DATA><DATA>72,211</DATA><DATA>43,158</DATA><DATA>67.3%</DATA></RECORD><RECORD><DATA css="formheading">六月份</DATA><DATA>13,642</DATA><DATA>8,269</DATA><DATA>65.0%</DATA><DATA>85,853</DATA><DATA>51,427</DATA><DATA>66.9%</DATA></RECORD><RECORD><DATA css="formheading">七月份</DATA><DATA>16,310</DATA><DATA>9,570</DATA><DATA>70.4%</DATA><DATA>102,163</DATA><DATA>60,997</DATA><DATA>67.5%</DATA></RECORD><RECORD><DATA css="formheading">八月份</DATA><DATA>15,773</DATA><DATA>11,268</DATA><DATA>40.0%</DATA><DATA>117,935</DATA><DATA>72,265</DATA><DATA>63.2%</DATA></RECORD><RECORD><DATA css="formheading">九月份</DATA><DATA>15,302</DATA><DATA>10,943</DATA><DATA>39.8%</DATA><DATA>133,237</DATA><DATA>83,208</DATA><DATA>60.1%</DATA></RECORD><RECORD><DATA css="formheading">十月份</DATA><DATA>18,869</DATA><DATA>12,600</DATA><DATA>49.8%</DATA><DATA>152,106</DATA><DATA>95,808</DATA><DATA>58.8%</DATA></RECORD><RECORD><DATA css="formheading">十一月份</DATA><DATA>17,354</DATA><DATA>12,215</DATA><DATA>42.1%</DATA><DATA>169,460</DATA><DATA>108,022</DATA><DATA>56.9%</DATA></RECORD><RECORD><DATA css="formheading">十二月份</DATA><DATA>18,883</DATA><DATA>11,347</DATA><DATA>66.4%</DATA><DATA>188,343</DATA><DATA>119,369</DATA><DATA>57.8%</DATA></RECORD></DATA></REPORT></STATISTICS>