<?xml version="1.0" encoding="UTF-8"?>
<STATISTICS lastupdate="" nextupdate=""><REPORT><TITLE css="formtitle">2013年及2012年每月幸運博彩毛收入</TITLE><HEADER css="formheading"><COLUMN rowspan="2"/><COLUMN colspan="3">月份毛收入</COLUMN><COLUMN colspan="3">累計毛收入</COLUMN><SUB><COLUMN>2013年</COLUMN><COLUMN>2012年</COLUMN><COLUMN>變動率</COLUMN></SUB><SUB><COLUMN>2013年</COLUMN><COLUMN>2012年</COLUMN><COLUMN>變動率</COLUMN></SUB></HEADER><REMARKS>* 1 港元 = 1.03澳門元 (單位: 百萬澳門元  ) </REMARKS><DATA><RECORD><DATA css="formheading">一月份</DATA><DATA>26,864</DATA><DATA>25,040</DATA><DATA>7.3%</DATA><DATA>26,864</DATA><DATA>25,040</DATA><DATA>7.3%</DATA></RECORD><RECORD><DATA css="formheading">二月份</DATA><DATA>27,084</DATA><DATA>24,286</DATA><DATA>11.5%</DATA><DATA>53,948</DATA><DATA>49,325</DATA><DATA>9.4%</DATA></RECORD><RECORD><DATA css="formheading">三月份</DATA><DATA>31,336</DATA><DATA>24,989</DATA><DATA>25.4%</DATA><DATA>85,284</DATA><DATA>74,314</DATA><DATA>14.8%</DATA></RECORD><RECORD><DATA css="formheading">四月份</DATA><DATA>28,305</DATA><DATA>25,003</DATA><DATA>13.2%</DATA><DATA>113,589</DATA><DATA>99,317</DATA><DATA>14.4%</DATA></RECORD><RECORD><DATA css="formheading">五月份</DATA><DATA>29,589</DATA><DATA>26,078</DATA><DATA>13.5%</DATA><DATA>143,178</DATA><DATA>125,395</DATA><DATA>14.2%</DATA></RECORD><RECORD><DATA css="formheading">六月份</DATA><DATA>28,269</DATA><DATA>23,334</DATA><DATA>21.1%</DATA><DATA>171,447</DATA><DATA>148,729</DATA><DATA>15.3%</DATA></RECORD><RECORD><DATA css="formheading">七月份</DATA><DATA>29,485</DATA><DATA>24,579</DATA><DATA>20.0%</DATA><DATA>200,932</DATA><DATA>173,308</DATA><DATA>15.9%</DATA></RECORD><RECORD><DATA css="formheading">八月份</DATA><DATA>30,737</DATA><DATA>26,136</DATA><DATA>17.6%</DATA><DATA>231,670</DATA><DATA>199,444</DATA><DATA>16.2%</DATA></RECORD><RECORD><DATA css="formheading">九月份</DATA><DATA>28,963</DATA><DATA>23,866</DATA><DATA>21.4%</DATA><DATA>260,632</DATA><DATA>223,310</DATA><DATA>16.7%</DATA></RECORD><RECORD><DATA css="formheading">十月份</DATA><DATA>36,477</DATA><DATA>27,700</DATA><DATA>31.7%</DATA><DATA>297,109</DATA><DATA>251,011</DATA><DATA>18.4%</DATA></RECORD><RECORD><DATA css="formheading">十一月份</DATA><DATA>30,179</DATA><DATA>24,882</DATA><DATA>21.3%</DATA><DATA>327,288</DATA><DATA>275,893</DATA><DATA>18.6%</DATA></RECORD><RECORD><DATA css="formheading">十二月份</DATA><DATA>33,460</DATA><DATA>28,245</DATA><DATA>18.5%</DATA><DATA>360,749</DATA><DATA>304,139</DATA><DATA>18.6%</DATA></RECORD></DATA></REPORT></STATISTICS>