<?xml version="1.0" encoding="UTF-8"?>
<STATISTICS lastupdate="" nextupdate=""><REPORT><TITLE css="formtitle">2016年及2015年每月幸運博彩毛收入</TITLE><HEADER css="formheading"><COLUMN rowspan="2"/><COLUMN colspan="3">月份毛收入</COLUMN><COLUMN colspan="3">累計毛收入</COLUMN><SUB><COLUMN>2016年</COLUMN><COLUMN>2015年</COLUMN><COLUMN>變動率</COLUMN></SUB><SUB><COLUMN>2016年</COLUMN><COLUMN>2015年</COLUMN><COLUMN>變動率</COLUMN></SUB></HEADER><REMARKS>* 1 港元 = 1.03澳門元 (單位: 百萬澳門元  ) </REMARKS><DATA><RECORD><DATA css="formheading">一月份</DATA><DATA>18,674</DATA><DATA>23,748</DATA><DATA>-21.4%</DATA><DATA>18,674</DATA><DATA>23,748</DATA><DATA>-21.4%</DATA></RECORD><RECORD><DATA css="formheading">二月份</DATA><DATA>19,521</DATA><DATA>19,542</DATA><DATA>-0.1%</DATA><DATA>38,195</DATA><DATA>43,290</DATA><DATA>-11.8%</DATA></RECORD><RECORD><DATA css="formheading">三月份</DATA><DATA>17,981</DATA><DATA>21,487</DATA><DATA>-16.3%</DATA><DATA>56,176</DATA><DATA>64,777</DATA><DATA>-13.3%</DATA></RECORD><RECORD><DATA css="formheading">四月份</DATA><DATA>17,341</DATA><DATA>19,167</DATA><DATA>-9.5%</DATA><DATA>73,517</DATA><DATA>83,944</DATA><DATA>-12.4%</DATA></RECORD><RECORD><DATA css="formheading">五月份</DATA><DATA>18,389</DATA><DATA>20,346</DATA><DATA>-9.6%</DATA><DATA>91,906</DATA><DATA>104,289</DATA><DATA>-11.9%</DATA></RECORD><RECORD><DATA css="formheading">六月份</DATA><DATA>15,881</DATA><DATA>17,355</DATA><DATA>-8.5%</DATA><DATA>107,787</DATA><DATA>121,645</DATA><DATA>-11.4%</DATA></RECORD><RECORD><DATA css="formheading">七月份</DATA><DATA>17,774</DATA><DATA>18,615</DATA><DATA>-4.5%</DATA><DATA>125,560</DATA><DATA>140,259</DATA><DATA>-10.5%</DATA></RECORD><RECORD><DATA css="formheading">八月份</DATA><DATA>18,836</DATA><DATA>18,623</DATA><DATA>1.1%</DATA><DATA>144,396</DATA><DATA>158,882</DATA><DATA>-9.1%</DATA></RECORD><RECORD><DATA css="formheading">九月份</DATA><DATA>18,396</DATA><DATA>17,133</DATA><DATA>7.4%</DATA><DATA>162,792</DATA><DATA>176,015</DATA><DATA>-7.5%</DATA></RECORD><RECORD><DATA css="formheading">十月份</DATA><DATA>21,815</DATA><DATA>20,059</DATA><DATA>8.8%</DATA><DATA>184,607</DATA><DATA>196,074</DATA><DATA>-5.8%</DATA></RECORD><RECORD><DATA css="formheading">十一月份</DATA><DATA>18,788</DATA><DATA>16,425</DATA><DATA>14.4%</DATA><DATA>203,395</DATA><DATA>212,500</DATA><DATA>-4.3%</DATA></RECORD><RECORD><DATA css="formheading">十二月份</DATA><DATA>19,815</DATA><DATA>18,340</DATA><DATA>8.0%</DATA><DATA>223,210</DATA><DATA>230,840</DATA><DATA>-3.3%</DATA></RECORD></DATA></REPORT></STATISTICS>