<?xml version="1.0" encoding="UTF-8"?>
<STATISTICS lastupdate="" nextupdate=""><REPORT><TITLE css="formtitle">2021年及2020年每月幸運博彩毛收入</TITLE><HEADER css="formheading"><COLUMN rowspan="2"/><COLUMN colspan="3">月份毛收入</COLUMN><COLUMN colspan="3">累計毛收入</COLUMN><SUB><COLUMN>2021年</COLUMN><COLUMN>2020年</COLUMN><COLUMN>變動率</COLUMN></SUB><SUB><COLUMN>2021年</COLUMN><COLUMN>2020年</COLUMN><COLUMN>變動率</COLUMN></SUB></HEADER><REMARKS>* 1 港元 = 1.03澳門元 (單位: 百萬澳門元  ) </REMARKS><DATA><RECORD><DATA css="formheading">一月份</DATA><DATA>8,024</DATA><DATA>22,126</DATA><DATA>-63.7%</DATA><DATA>8,024</DATA><DATA>22,126</DATA><DATA>-63.7%</DATA></RECORD><RECORD><DATA css="formheading">二月份</DATA><DATA>7,312</DATA><DATA>3,104</DATA><DATA>135.6%</DATA><DATA>15,336</DATA><DATA>25,229</DATA><DATA>-39.2%</DATA></RECORD><RECORD><DATA css="formheading">三月份</DATA><DATA>8,306</DATA><DATA>5,257</DATA><DATA>58.0%</DATA><DATA>23,642</DATA><DATA>30,486</DATA><DATA>-22.5%</DATA></RECORD><RECORD><DATA css="formheading">四月份</DATA><DATA>8,401</DATA><DATA>754</DATA><DATA>1014.4%</DATA><DATA>32,043</DATA><DATA>31,240</DATA><DATA>2.6%</DATA></RECORD><RECORD><DATA css="formheading">五月份</DATA><DATA>10,445</DATA><DATA>1,764</DATA><DATA>492.2%</DATA><DATA>42,487</DATA><DATA>33,004</DATA><DATA>28.7%</DATA></RECORD><RECORD><DATA css="formheading">六月份</DATA><DATA>6,535</DATA><DATA>716</DATA><DATA>812.5%</DATA><DATA>49,023</DATA><DATA>33,720</DATA><DATA>45.4%</DATA></RECORD><RECORD><DATA css="formheading">七月份</DATA><DATA>8,444</DATA><DATA>1,344</DATA><DATA>528.1%</DATA><DATA>57,467</DATA><DATA>35,064</DATA><DATA>63.9%</DATA></RECORD><RECORD><DATA css="formheading">八月份</DATA><DATA>4,442</DATA><DATA>1,330</DATA><DATA>234.0%</DATA><DATA>61,908</DATA><DATA>36,394</DATA><DATA>70.1%</DATA></RECORD><RECORD><DATA css="formheading">九月份</DATA><DATA>5,879</DATA><DATA>2,211</DATA><DATA>165.9%</DATA><DATA>67,787</DATA><DATA>38,605</DATA><DATA>75.6%</DATA></RECORD><RECORD><DATA css="formheading">十月份</DATA><DATA>4,365</DATA><DATA>7,270</DATA><DATA>-40.0%</DATA><DATA>72,152</DATA><DATA>45,875</DATA><DATA>57.3%</DATA></RECORD><RECORD><DATA css="formheading">十一月份</DATA><DATA>6,749</DATA><DATA>6,748</DATA><DATA>0.01%</DATA><DATA>78,901</DATA><DATA>52,623</DATA><DATA>49.9%</DATA></RECORD><RECORD><DATA css="formheading">十二月份</DATA><DATA>7,962</DATA><DATA>7,818</DATA><DATA>1.8%</DATA><DATA>86,863</DATA><DATA>60,441</DATA><DATA>43.7%</DATA></RECORD></DATA></REPORT></STATISTICS>