<?xml version="1.0" encoding="UTF-8"?>
<STATISTICS lastupdate="" nextupdate=""><REPORT><TITLE css="formtitle">2012年及2011年每月幸運博彩毛收入</TITLE><HEADER css="formheading"><COLUMN rowspan="2"/><COLUMN colspan="3">月份毛收入</COLUMN><COLUMN colspan="3">累計毛收入</COLUMN><SUB><COLUMN>2012年</COLUMN><COLUMN>2011年</COLUMN><COLUMN>變動率</COLUMN></SUB><SUB><COLUMN>2012年</COLUMN><COLUMN>2011年</COLUMN><COLUMN>變動率</COLUMN></SUB></HEADER><REMARKS>* 1 港元 = 1.03澳門元 (單位: 百萬澳門元  ) </REMARKS><DATA><RECORD><DATA css="formheading">一月份</DATA><DATA>25,040</DATA><DATA>18,571</DATA><DATA>34.8%</DATA><DATA>25,040</DATA><DATA>18,571</DATA><DATA>34.8%</DATA></RECORD><RECORD><DATA css="formheading">二月份</DATA><DATA>24,286</DATA><DATA>19,863</DATA><DATA>22.3%</DATA><DATA>49,325</DATA><DATA>38,434</DATA><DATA>28.3%</DATA></RECORD><RECORD><DATA css="formheading">三月份</DATA><DATA>24,989</DATA><DATA>20,087</DATA><DATA>24.4%</DATA><DATA>74,314</DATA><DATA>58,521</DATA><DATA>27.0%</DATA></RECORD><RECORD><DATA css="formheading">四月份</DATA><DATA>25,003</DATA><DATA>20,507</DATA><DATA>21.9%</DATA><DATA>99,317</DATA><DATA>79,028</DATA><DATA>25.7%</DATA></RECORD><RECORD><DATA css="formheading">五月份</DATA><DATA>26,078</DATA><DATA>24,306</DATA><DATA>7.3%</DATA><DATA>125,395</DATA><DATA>103,334</DATA><DATA>21.3%</DATA></RECORD><RECORD><DATA css="formheading">六月份</DATA><DATA>23,334</DATA><DATA>20,792</DATA><DATA>12.2%</DATA><DATA>148,729</DATA><DATA>124,126</DATA><DATA>19.8%</DATA></RECORD><RECORD><DATA css="formheading">七月份</DATA><DATA>24,579</DATA><DATA>24,212</DATA><DATA>1.5%</DATA><DATA>173,308</DATA><DATA>148,337</DATA><DATA>16.8%</DATA></RECORD><RECORD><DATA css="formheading">八月份</DATA><DATA>26,136</DATA><DATA>24,769</DATA><DATA>5.5%</DATA><DATA>199,444</DATA><DATA>173,106</DATA><DATA>15.2%</DATA></RECORD><RECORD><DATA css="formheading">九月份</DATA><DATA>23,866</DATA><DATA>21,244</DATA><DATA>12.3%</DATA><DATA>223,310</DATA><DATA>194,350</DATA><DATA>14.9%</DATA></RECORD><RECORD><DATA css="formheading">十月份</DATA><DATA>27,700</DATA><DATA>26,851</DATA><DATA>3.2%</DATA><DATA>251,011</DATA><DATA>221,200</DATA><DATA>13.5%</DATA></RECORD><RECORD><DATA css="formheading">十一月份</DATA><DATA>24,882</DATA><DATA>23,058</DATA><DATA>7.9%</DATA><DATA>275,893</DATA><DATA>244,258</DATA><DATA>13.0%</DATA></RECORD><RECORD><DATA css="formheading">十二月份</DATA><DATA>28,245</DATA><DATA>23,608</DATA><DATA>19.6%</DATA><DATA>304,139</DATA><DATA>267,867</DATA><DATA>13.5%</DATA></RECORD></DATA></REPORT></STATISTICS>