<?xml version="1.0" encoding="UTF-8"?>
<STATISTICS lastupdate="" nextupdate=""><REPORT><TITLE css="formtitle">2018年及2017年每月幸運博彩毛收入</TITLE><HEADER css="formheading"><COLUMN rowspan="2"/><COLUMN colspan="3">月份毛收入</COLUMN><COLUMN colspan="3">累計毛收入</COLUMN><SUB><COLUMN>2018年</COLUMN><COLUMN>2017年</COLUMN><COLUMN>變動率</COLUMN></SUB><SUB><COLUMN>2018年</COLUMN><COLUMN>2017年</COLUMN><COLUMN>變動率</COLUMN></SUB></HEADER><REMARKS>* 1 港元 = 1.03澳門元 (單位: 百萬澳門元  ) </REMARKS><DATA><RECORD><DATA css="formheading">一月份</DATA><DATA>26,260</DATA><DATA>19,255</DATA><DATA>36.4%</DATA><DATA>26,260</DATA><DATA>19,255</DATA><DATA>36.4%</DATA></RECORD><RECORD><DATA css="formheading">二月份</DATA><DATA>24,300</DATA><DATA>22,991</DATA><DATA>5.7%</DATA><DATA>50,560</DATA><DATA>42,246</DATA><DATA>19.7%</DATA></RECORD><RECORD><DATA css="formheading">三月份</DATA><DATA>25,950</DATA><DATA>21,232</DATA><DATA>22.2%</DATA><DATA>76,510</DATA><DATA>63,479</DATA><DATA>20.5%</DATA></RECORD><RECORD><DATA css="formheading">四月份</DATA><DATA>25,728</DATA><DATA>20,162</DATA><DATA>27.6%</DATA><DATA>102,239</DATA><DATA>83,640</DATA><DATA>22.2%</DATA></RECORD><RECORD><DATA css="formheading">五月份</DATA><DATA>25,489</DATA><DATA>22,742</DATA><DATA>12.1%</DATA><DATA>127,727</DATA><DATA>106,382</DATA><DATA>20.1%</DATA></RECORD><RECORD><DATA css="formheading">六月份</DATA><DATA>22,490</DATA><DATA>19,994</DATA><DATA>12.5%</DATA><DATA>150,217</DATA><DATA>126,377</DATA><DATA>18.9%</DATA></RECORD><RECORD><DATA css="formheading">七月份</DATA><DATA>25,327</DATA><DATA>22,964</DATA><DATA>10.3%</DATA><DATA>175,544</DATA><DATA>149,340</DATA><DATA>17.5%</DATA></RECORD><RECORD><DATA css="formheading">八月份</DATA><DATA>26,559</DATA><DATA>22,676</DATA><DATA>17.1%</DATA><DATA>202,103</DATA><DATA>172,016</DATA><DATA>17.5%</DATA></RECORD><RECORD><DATA css="formheading">九月份</DATA><DATA>21,952</DATA><DATA>21,362</DATA><DATA>2.8%</DATA><DATA>224,055</DATA><DATA>193,378</DATA><DATA>15.9%</DATA></RECORD><RECORD><DATA css="formheading">十月份</DATA><DATA>27,328</DATA><DATA>26,633</DATA><DATA>2.6%</DATA><DATA>251,383</DATA><DATA>220,010</DATA><DATA>14.3%</DATA></RECORD><RECORD><DATA css="formheading">十一月份</DATA><DATA>24,995</DATA><DATA>23,033</DATA><DATA>8.5%</DATA><DATA>276,378</DATA><DATA>243,043</DATA><DATA>13.7%</DATA></RECORD><RECORD><DATA css="formheading">十二月份</DATA><DATA>26,468</DATA><DATA>22,699</DATA><DATA>16.6%</DATA><DATA>302,846</DATA><DATA>265,743</DATA><DATA>14.0%</DATA></RECORD></DATA></REPORT></STATISTICS>