<?xml version="1.0" encoding="UTF-8"?>
<STATISTICS lastupdate="" nextupdate=""><REPORT><TITLE css="formtitle">2011年及2010年每月幸運博彩毛收入</TITLE><HEADER css="formheading"><COLUMN rowspan="2"/><COLUMN colspan="3">月份毛收入</COLUMN><COLUMN colspan="3">累計毛收入</COLUMN><SUB><COLUMN>2011年</COLUMN><COLUMN>2010年</COLUMN><COLUMN>變動率</COLUMN></SUB><SUB><COLUMN>2011年</COLUMN><COLUMN>2010年</COLUMN><COLUMN>變動率</COLUMN></SUB></HEADER><REMARKS>* 1 港元 = 1.03澳門元 (單位: 百萬澳門元  ) </REMARKS><DATA><RECORD><DATA css="formheading">一月份</DATA><DATA>18,571</DATA><DATA>13,937</DATA><DATA>33.2%</DATA><DATA>18,571</DATA><DATA>13,937</DATA><DATA>33.2%</DATA></RECORD><RECORD><DATA css="formheading">二月份</DATA><DATA>19,863</DATA><DATA>13,445</DATA><DATA>47.7%</DATA><DATA>38,434</DATA><DATA>27,383</DATA><DATA>40.4%</DATA></RECORD><RECORD><DATA css="formheading">三月份</DATA><DATA>20,087</DATA><DATA>13,569</DATA><DATA>48.0%</DATA><DATA>58,521</DATA><DATA>40,951</DATA><DATA>42.9%</DATA></RECORD><RECORD><DATA css="formheading">四月份</DATA><DATA>20,507</DATA><DATA>14,186</DATA><DATA>44.6%</DATA><DATA>79,028</DATA><DATA>55,137</DATA><DATA>43.3%</DATA></RECORD><RECORD><DATA css="formheading">五月份</DATA><DATA>24,306</DATA><DATA>17,075</DATA><DATA>42.4%</DATA><DATA>103,334</DATA><DATA>72,211</DATA><DATA>43.1%</DATA></RECORD><RECORD><DATA css="formheading">六月份</DATA><DATA>20,792</DATA><DATA>13,642</DATA><DATA>52.4%</DATA><DATA>124,126</DATA><DATA>85,853</DATA><DATA>44.6%</DATA></RECORD><RECORD><DATA css="formheading">七月份</DATA><DATA>24,212</DATA><DATA>16,310</DATA><DATA>48.4%</DATA><DATA>148,337</DATA><DATA>102,163</DATA><DATA>45.2%</DATA></RECORD><RECORD><DATA css="formheading">八月份</DATA><DATA>24,769</DATA><DATA>15,773</DATA><DATA>57.0%</DATA><DATA>173,106</DATA><DATA>117,935</DATA><DATA>46.8%</DATA></RECORD><RECORD><DATA css="formheading">九月份</DATA><DATA>21,244</DATA><DATA>15,302</DATA><DATA>38.8%</DATA><DATA>194,350</DATA><DATA>133,237</DATA><DATA>45.9%</DATA></RECORD><RECORD><DATA css="formheading">十月份</DATA><DATA>26,851</DATA><DATA>18,869</DATA><DATA>42.3%</DATA><DATA>221,200</DATA><DATA>152,106</DATA><DATA>45.4%</DATA></RECORD><RECORD><DATA css="formheading">十一月份</DATA><DATA>23,058</DATA><DATA>17,354</DATA><DATA>32.9%</DATA><DATA>244,258</DATA><DATA>169,460</DATA><DATA>44.1%</DATA></RECORD><RECORD><DATA css="formheading">十二月份</DATA><DATA>23,608</DATA><DATA>18,883</DATA><DATA>25.0%</DATA><DATA>267,867</DATA><DATA>188,343</DATA><DATA>42.2%</DATA></RECORD></DATA></REPORT></STATISTICS>