<?xml version="1.0" encoding="UTF-8"?>
<STATISTICS lastupdate="" nextupdate=""><REPORT><TITLE css="formtitle">2014年及2013年每月幸運博彩毛收入</TITLE><HEADER css="formheading"><COLUMN rowspan="2"/><COLUMN colspan="3">月份毛收入</COLUMN><COLUMN colspan="3">累計毛收入</COLUMN><SUB><COLUMN>2014年</COLUMN><COLUMN>2013年</COLUMN><COLUMN>變動率</COLUMN></SUB><SUB><COLUMN>2014年</COLUMN><COLUMN>2013年</COLUMN><COLUMN>變動率</COLUMN></SUB></HEADER><REMARKS>* 1 港元 = 1.03澳門元 (單位: 百萬澳門元  ) </REMARKS><DATA><RECORD><DATA css="formheading">一月份</DATA><DATA>28,739</DATA><DATA>26,864</DATA><DATA>7.0%</DATA><DATA>28,739</DATA><DATA>26,864</DATA><DATA>7.0%</DATA></RECORD><RECORD><DATA css="formheading">二月份</DATA><DATA>38,007</DATA><DATA>27,084</DATA><DATA>40.3%</DATA><DATA>66,746</DATA><DATA>53,948</DATA><DATA>23.7%</DATA></RECORD><RECORD><DATA css="formheading">三月份</DATA><DATA>35,453</DATA><DATA>31,336</DATA><DATA>13.1%</DATA><DATA>102,199</DATA><DATA>85,284</DATA><DATA>19.8%</DATA></RECORD><RECORD><DATA css="formheading">四月份</DATA><DATA>31,318</DATA><DATA>28,305</DATA><DATA>10.6%</DATA><DATA>133,517</DATA><DATA>113,589</DATA><DATA>17.5%</DATA></RECORD><RECORD><DATA css="formheading">五月份</DATA><DATA>32,354</DATA><DATA>29,589</DATA><DATA>9.3%</DATA><DATA>165,871</DATA><DATA>143,178</DATA><DATA>15.8%</DATA></RECORD><RECORD><DATA css="formheading">六月份</DATA><DATA>27,215</DATA><DATA>28,269</DATA><DATA>-3.7%</DATA><DATA>193,086</DATA><DATA>171,447</DATA><DATA>12.6%</DATA></RECORD><RECORD><DATA css="formheading">七月份</DATA><DATA>28,415</DATA><DATA>29,485</DATA><DATA>-3.6%</DATA><DATA>221,501</DATA><DATA>200,932</DATA><DATA>10.2%</DATA></RECORD><RECORD><DATA css="formheading">八月份</DATA><DATA>28,876</DATA><DATA>30,737</DATA><DATA>-6.1%</DATA><DATA>250,377</DATA><DATA>231,670</DATA><DATA>8.1%</DATA></RECORD><RECORD><DATA css="formheading">九月份</DATA><DATA>25,564</DATA><DATA>28,963</DATA><DATA>-11.7%</DATA><DATA>275,941</DATA><DATA>260,632</DATA><DATA>5.9%</DATA></RECORD><RECORD><DATA css="formheading">十月份</DATA><DATA>28,025</DATA><DATA>36,477</DATA><DATA>-23.2%</DATA><DATA>303,967</DATA><DATA>297,109</DATA><DATA>2.3%</DATA></RECORD><RECORD><DATA css="formheading">十一月份</DATA><DATA>24,269</DATA><DATA>30,179</DATA><DATA>-19.6%</DATA><DATA>328,236</DATA><DATA>327,288</DATA><DATA>0.3%</DATA></RECORD><RECORD><DATA css="formheading">十二月份</DATA><DATA>23,285</DATA><DATA>33,460</DATA><DATA>-30.4%</DATA><DATA>351,521</DATA><DATA>360,749</DATA><DATA>-2.6%</DATA></RECORD></DATA></REPORT></STATISTICS>