<?xml version="1.0" encoding="UTF-8" ?>
<?xml-stylesheet href="c_7daysforecast.xsl" type="text/xsl"?>

<SevenDaysForecast xmlns:xsi="http://www.w3.org/2001/XMLSchema-instance" xsi:noNamespaceSchemaLocation="7daysweatherforecast.xsd">
 <System>
  <SysAuthor>SMG-InfoGrp</SysAuthor>
  <SysPubdate>2022-05-13 14:00</SysPubdate>
  <SysLanguage>0</SysLanguage>
 </System>
 <Custom>
  <WeatherForecast>
   <AstronomicalTide>NIL</AstronomicalTide>
   <ValidFor>2022-05-13</ValidFor>
   <c_DayOfWeek>五</c_DayOfWeek>
   <Icon>
    <IconName>ww-c18.gif</IconName>
    <IconURL>http://www.smg.gov.mo/icons/weatherIcon/ww-c18.gif</IconURL>
   </Icon>
   <WeatherStatus>18</WeatherStatus>
   <Temperature>
    <Type>1</Type>
    <MeasureUnit>&#176;C</MeasureUnit>
    <Value>27</Value>
   </Temperature>
   <Temperature>
    <Type>2</Type>
    <MeasureUnit>&#176;C</MeasureUnit>
    <Value>23</Value>
   </Temperature>
   <Humidity>
    <Type>1</Type>
    <MeasureUnit>%</MeasureUnit>
    <Value>99</Value>
   </Humidity>
   <Humidity>
    <Type>2</Type>
    <MeasureUnit>%</MeasureUnit>
    <Value>80</Value>
   </Humidity>
   <WeatherDescription>多雲。有驟雨及雷暴。吹3至4級西南風及有陣風。</WeatherDescription>
  </WeatherForecast>
  <WeatherForecast>
   <AstronomicalTide>NIL</AstronomicalTide>
   <ValidFor>2022-05-14</ValidFor>
   <c_DayOfWeek>六</c_DayOfWeek>
   <Icon>
    <IconName>ww-c18.gif</IconName>
    <IconURL>http://www.smg.gov.mo/icons/weatherIcon/ww-c18.gif</IconURL>
   </Icon>
   <WeatherStatus>18</WeatherStatus>
   <Temperature>
    <Type>1</Type>
    <MeasureUnit>&#176;C</MeasureUnit>
    <Value>27</Value>
   </Temperature>
   <Temperature>
    <Type>2</Type>
    <MeasureUnit>&#176;C</MeasureUnit>
    <Value>23</Value>
   </Temperature>
   <Humidity>
    <Type>1</Type>
    <MeasureUnit>%</MeasureUnit>
    <Value>98</Value>
   </Humidity>
   <Humidity>
    <Type>2</Type>
    <MeasureUnit>%</MeasureUnit>
    <Value>80</Value>
   </Humidity>
   <WeatherDescription>多雲。間中有驟雨。有幾陣雷暴。吹3至4級南至西南風及有陣風。</WeatherDescription>
  </WeatherForecast>
  <WeatherForecast>
   <AstronomicalTide>NIL</AstronomicalTide>
   <ValidFor>2022-05-15</ValidFor>
   <c_DayOfWeek>日</c_DayOfWeek>
   <Icon>
    <IconName>ww-c18.gif</IconName>
    <IconURL>http://www.smg.gov.mo/icons/weatherIcon/ww-c18.gif</IconURL>
   </Icon>
   <WeatherStatus>18</WeatherStatus>
   <Temperature>
    <Type>1</Type>
    <MeasureUnit>&#176;C</MeasureUnit>
    <Value>24</Value>
   </Temperature>
   <Temperature>
    <Type>2</Type>
    <MeasureUnit>&#176;C</MeasureUnit>
    <Value>20</Value>
   </Temperature>
   <Humidity>
    <Type>1</Type>
    <MeasureUnit>%</MeasureUnit>
    <Value>99</Value>
   </Humidity>
   <Humidity>
    <Type>2</Type>
    <MeasureUnit>%</MeasureUnit>
    <Value>75</Value>
   </Humidity>
   <WeatherDescription>天氣不穩定。多雲。有驟雨及初時雨勢有時頗大。有幾陣雷暴。吹3至4級偏南風，後轉5級偏北風及有陣風。</WeatherDescription>
  </WeatherForecast>
  <WeatherForecast>
   <AstronomicalTide>NIL</AstronomicalTide>
   <ValidFor>2022-05-16</ValidFor>
   <c_DayOfWeek>一</c_DayOfWeek>
   <Icon>
    <IconName>ww-c16.gif</IconName>
    <IconURL>http://www.smg.gov.mo/icons/weatherIcon/ww-c16.gif</IconURL>
   </Icon>
   <WeatherStatus>16</WeatherStatus>
   <Temperature>
    <Type>1</Type>
    <MeasureUnit>&#176;C</MeasureUnit>
    <Value>22</Value>
   </Temperature>
   <Temperature>
    <Type>2</Type>
    <MeasureUnit>&#176;C</MeasureUnit>
    <Value>18</Value>
   </Temperature>
   <Humidity>
    <Type>1</Type>
    <MeasureUnit>%</MeasureUnit>
    <Value>95</Value>
   </Humidity>
   <Humidity>
    <Type>2</Type>
    <MeasureUnit>%</MeasureUnit>
    <Value>70</Value>
   </Humidity>
   <WeatherDescription>氣溫略降。大致多雲。間中有驟雨。稍後雨勢逐漸減弱。吹4至5級北至東北風及有陣風。</WeatherDescription>
  </WeatherForecast>
  <WeatherForecast>
   <AstronomicalTide>NIL</AstronomicalTide>
   <ValidFor>2022-05-17</ValidFor>
   <c_DayOfWeek>二</c_DayOfWeek>
   <Icon>
    <IconName>ww-c01.gif</IconName>
    <IconURL>http://www.smg.gov.mo/icons/weatherIcon/ww-c01.gif</IconURL>
   </Icon>
   <WeatherStatus>01</WeatherStatus>
   <Temperature>
    <Type>1</Type>
    <MeasureUnit>&#176;C</MeasureUnit>
    <Value>26</Value>
   </Temperature>
   <Temperature>
    <Type>2</Type>
    <MeasureUnit>&#176;C</MeasureUnit>
    <Value>19</Value>
   </Temperature>
   <Humidity>
    <Type>1</Type>
    <MeasureUnit>%</MeasureUnit>
    <Value>85</Value>
   </Humidity>
   <Humidity>
    <Type>2</Type>
    <MeasureUnit>%</MeasureUnit>
    <Value>55</Value>
   </Humidity>
   <WeatherDescription>大致天晴。吹3至4級北至東北風，後轉偏東風。</WeatherDescription>
  </WeatherForecast>
  <WeatherForecast>
   <AstronomicalTide>NIL</AstronomicalTide>
   <ValidFor>2022-05-18</ValidFor>
   <c_DayOfWeek>三</c_DayOfWeek>
   <Icon>
    <IconName>ww-c02.gif</IconName>
    <IconURL>http://www.smg.gov.mo/icons/weatherIcon/ww-c02.gif</IconURL>
   </Icon>
   <WeatherStatus>02</WeatherStatus>
   <Temperature>
    <Type>1</Type>
    <MeasureUnit>&#176;C</MeasureUnit>
    <Value>26</Value>
   </Temperature>
   <Temperature>
    <Type>2</Type>
    <MeasureUnit>&#176;C</MeasureUnit>
    <Value>21</Value>
   </Temperature>
   <Humidity>
    <Type>1</Type>
    <MeasureUnit>%</MeasureUnit>
    <Value>90</Value>
   </Humidity>
   <Humidity>
    <Type>2</Type>
    <MeasureUnit>%</MeasureUnit>
    <Value>65</Value>
   </Humidity>
   <WeatherDescription>多雲，部份時間有陽光。吹3至4級偏東風。</WeatherDescription>
  </WeatherForecast>
  <WeatherForecast>
   <AstronomicalTide>NIL</AstronomicalTide>
   <ValidFor>2022-05-19</ValidFor>
   <c_DayOfWeek>四</c_DayOfWeek>
   <Icon>
    <IconName>ww-c16.gif</IconName>
    <IconURL>http://www.smg.gov.mo/icons/weatherIcon/ww-c16.gif</IconURL>
   </Icon>
   <WeatherStatus>16</WeatherStatus>
   <Temperature>
    <Type>1</Type>
    <MeasureUnit>&#176;C</MeasureUnit>
    <Value>25</Value>
   </Temperature>
   <Temperature>
    <Type>2</Type>
    <MeasureUnit>&#176;C</MeasureUnit>
    <Value>22</Value>
   </Temperature>
   <Humidity>
    <Type>1</Type>
    <MeasureUnit>%</MeasureUnit>
    <Value>95</Value>
   </Humidity>
   <Humidity>
    <Type>2</Type>
    <MeasureUnit>%</MeasureUnit>
    <Value>75</Value>
   </Humidity>
   <WeatherDescription>大致多雲。有幾陣驟雨。吹3至4級東至東北風。</WeatherDescription>
  </WeatherForecast>
  <IssuedTime>2022-05-13 14:00</IssuedTime>
 </Custom>
</SevenDaysForecast>