<?xml version="1.0" encoding="UTF-8"?>
<STATISTICS lastupdate="" nextupdate=""><REPORT><TITLE css="formtitle">2015年及2014年每月幸運博彩毛收入</TITLE><HEADER css="formheading"><COLUMN rowspan="2"/><COLUMN colspan="3">月份毛收入</COLUMN><COLUMN colspan="3">累計毛收入</COLUMN><SUB><COLUMN>2015年</COLUMN><COLUMN>2014年</COLUMN><COLUMN>變動率</COLUMN></SUB><SUB><COLUMN>2015年</COLUMN><COLUMN>2014年</COLUMN><COLUMN>變動率</COLUMN></SUB></HEADER><REMARKS>* 1 港元 = 1.03澳門元 (單位: 百萬澳門元  ) </REMARKS><DATA><RECORD><DATA css="formheading">一月份</DATA><DATA>23,748</DATA><DATA>28,739</DATA><DATA>-17.4%</DATA><DATA>23,748</DATA><DATA>28,739</DATA><DATA>-17.4%</DATA></RECORD><RECORD><DATA css="formheading">二月份</DATA><DATA>19,542</DATA><DATA>38,007</DATA><DATA>-48.6%</DATA><DATA>43,290</DATA><DATA>66,746</DATA><DATA>-35.1%</DATA></RECORD><RECORD><DATA css="formheading">三月份</DATA><DATA>21,487</DATA><DATA>35,453</DATA><DATA>-39.4%</DATA><DATA>64,777</DATA><DATA>102,199</DATA><DATA>-36.6%</DATA></RECORD><RECORD><DATA css="formheading">四月份</DATA><DATA>19,167</DATA><DATA>31,318</DATA><DATA>-38.8%</DATA><DATA>83,944</DATA><DATA>133,517</DATA><DATA>-37.1%</DATA></RECORD><RECORD><DATA css="formheading">五月份</DATA><DATA>20,346</DATA><DATA>32,354</DATA><DATA>-37.1%</DATA><DATA>104,289</DATA><DATA>165,871</DATA><DATA>-37.1%</DATA></RECORD><RECORD><DATA css="formheading">六月份</DATA><DATA>17,355</DATA><DATA>27,215</DATA><DATA>-36.2%</DATA><DATA>121,645</DATA><DATA>193,086</DATA><DATA>-37.0%</DATA></RECORD><RECORD><DATA css="formheading">七月份</DATA><DATA>18,615</DATA><DATA>28,415</DATA><DATA>-34.5%</DATA><DATA>140,259</DATA><DATA>221,501</DATA><DATA>-36.7%</DATA></RECORD><RECORD><DATA css="formheading">八月份</DATA><DATA>18,623</DATA><DATA>28,876</DATA><DATA>-35.5%</DATA><DATA>158,882</DATA><DATA>250,377</DATA><DATA>-36.5%</DATA></RECORD><RECORD><DATA css="formheading">九月份</DATA><DATA>17,133</DATA><DATA>25,564</DATA><DATA>-33.0%</DATA><DATA>176,015</DATA><DATA>275,941</DATA><DATA>-36.2%</DATA></RECORD><RECORD><DATA css="formheading">十月份</DATA><DATA>20,059</DATA><DATA>28,025</DATA><DATA>-28.4%</DATA><DATA>196,074</DATA><DATA>303,967</DATA><DATA>-35.5%</DATA></RECORD><RECORD><DATA css="formheading">十一月份</DATA><DATA>16,425</DATA><DATA>24,269</DATA><DATA>-32.3%</DATA><DATA>212,500</DATA><DATA>328,236</DATA><DATA>-35.3%</DATA></RECORD><RECORD><DATA css="formheading">十二月份</DATA><DATA>18,340</DATA><DATA>23,285</DATA><DATA>-21.2%</DATA><DATA>230,840</DATA><DATA>351,521</DATA><DATA>-34.3%</DATA></RECORD></DATA></REPORT></STATISTICS>